code,branch
SBIN0020001,NARIMAN POINT BR
SBIN0020002,KALINA
SBIN0020003,MANDVI
SBIN0020004,SHAHGUNJ
SBIN0020005,CANTONMENT
SBIN0020006,JALNA
SBIN0020007,VAIJAPUR
SBIN0020008,AMBAD
SBIN0020009,BHOKARDAN
SBIN0020010,GANGAPUR
SBIN0020011,KANNAD
SBIN0020012,KHULTABAD
SBIN0020013,LASUR
SBIN0020014,PAITHAN
SBIN0020015,SILLOD
SBIN0020016,PARBHANI MAIN
SBIN0020017,BASMATHNAGAR
SBIN0020018,HINGOLI
SBIN0020019,JINTUR
SBIN0020020,MANWATH
SBIN0020021,PARTUR
SBIN0020022,SAILU
SBIN0020023,GANGAKHED
SBIN0020024,KALMNURI
SBIN0020026,SONPETH
SBIN0020027,BHIR ADB
SBIN0020028,BEED MAIN
SBIN0020029,AMBAJOGAI
SBIN0020030,PARLI VAIJNATH
SBIN0020031,ASHTI
SBIN0020032,KILLE DHARUR
SBIN0020033,GEORAI
SBIN0020034,KAIJ
SBIN0020035,MANJLEGAON
SBIN0020036,PATODA
SBIN0020037,MAIN BR
SBIN0020038,MURUM
SBIN0020039,OSMANABAD
SBIN0020040,UDGIR
SBIN0020041,AHMEDPUR
SBIN0020042,BHOOM
SBIN0020043,KALLAM
SBIN0020044,NALDURG
SBIN0020045,NILANGA
SBIN0020046,OMERGA
SBIN0020047,PARANDA
SBIN0020048,TULJAPUR
SBIN0020049,I E NANDED
SBIN0020050,NANDED VAZIRABAD
SBIN0020051,DEGLOOR
SBIN0020052,BHOKAR
SBIN0020053,BILOLI
SBIN0020054,DHARMABAD
SBIN0020055,HADGAON
SBIN0020056,KANDHAR
SBIN0020057,KINWAT
SBIN0020058,MUKHED
SBIN0020059,RAJURA
SBIN0020060,DEULGAON RAJA
SBIN0020061,MALAKPET HYDERABAD
SBIN0020062,SULTANBAZAR HYDERABAD
SBIN0020063,BELLAVISTA
SBIN0020064,CHIKKADPALLY
SBIN0020065,EXHIBITION GROUNDS HYDERABAD
SBIN0020066,GUNFOUNDRY BR
SBIN0020067,HIMAYATNAGAR HYDERABAD
SBIN0020068,HUSSAINI ALAM HYDERABAD
SBIN0020069,MAHABOOBGUNJ
SBIN0020070,SHANTINAGAR HYDERABAD
SBIN0020071,OSMANIA UNIVERSITY HYDERABAD
SBIN0020072,PUNJAGUTTA HYDERABAD
SBIN0020073,CITY BRANCH HYDERABAD
SBIN0020074,RAJENDRANAGAR
SBIN0020075,RAMACHANDRAPURAM RCPURAM
SBIN0020076,SANATNAGAR
SBIN0020077,SECRETARIAT HYDERABAD
SBIN0020078,KACHEGUDA
SBIN0020079,NAMPALLI STN RD
SBIN0020080,BOLARAM
SBIN0020081,GENERAL BAZAR
SBIN0020082,LALAGUDA
SBIN0020083,NALLAKUNTA HYDERABAD
SBIN0020084,RPROAD
SBIN0020085,BALANAGAR
SBIN0020086,TANDUR
SBIN0020087,HABSHIGUDA
SBIN0020088,PURANAPOOL HYDERABAD
SBIN0020089,CHEVELLA
SBIN0020090,IBRAHIMPATNAM
SBIN0020091,MEDCHAL
SBIN0020092,PARGI
SBIN0020093,SHABAD
SBIN0020094,VIKARABAD
SBIN0020095,VIDYANAGAR HYDERABAD
SBIN0020096,MOULA ALI
SBIN0020097,JOGIPET
SBIN0020098,MEDAK
SBIN0020099,SADASHIVPET
SBIN0020100,SIDDIPET
SBIN0020101,ZAHEERABAD
SBIN0020102,GAJWEL
SBIN0020103,KOHIR
SBIN0020104,NARAYANKHED
SBIN0020105,NARSAPUR
SBIN0020106,ICRISAT
SBIN0020107,SANGAREDDY
SBIN0020108,NIZAMABAD MAIN
SBIN0020109,BODHAN
SBIN0020110,ARMOOR
SBIN0020111,KAMAREDDY
SBIN0020112,BANSWADA
SBIN0020113,DARPALLY
SBIN0020114,KOTGIRI
SBIN0020115,MADNOOR
SBIN0020116,POCHAMPAD
SBIN0020117,SARANGAPUR
SBIN0020118,YELLAREDDY
SBIN0020119,KISANNAGAR
SBIN0020120,BELLAMPALLI
SBIN0020121,SIRPURKAGHAZNAGAR
SBIN0020122,MAIN BR
SBIN0020123,BHAINSA
SBIN0020124,MANCHERIYAL
SBIN0020125,NIRMAL
SBIN0020126,ASIFABAD
SBIN0020127,BOATH
SBIN0020128,CHINNOR
SBIN0020129,KHANAPUR
SBIN0020130,LUXETTIPET
SBIN0020131,MUDHOL AP
SBIN0020132,SIRPUR TOWN
SBIN0020133,UTNOOR
SBIN0020134,MAIN BR
SBIN0020135,JAGTIAL
SBIN0020136,JAMMIKUNTA
SBIN0020137,KORATLA
SBIN0020138,PEDDAPALLI
SBIN0020139,RAMAGUNDEM
SBIN0020140,SIRCILLA
SBIN0020141,DHARMAPURI
SBIN0020142,GANGADHARA
SBIN0020143,HUZURABAD
SBIN0020144,MANTHANI
SBIN0020145,METPALLY
SBIN0020146,SULTANABAD
SBIN0020147,VEMULAWADA
SBIN0020148,MAIN BR
SBIN0020149,N I T BR
SBIN0020150,MAIN BR
SBIN0020151,JANGAON
SBIN0020152,MAHABUBABAD
SBIN0020153,CHERIYAL
SBIN0020154,GHANAPUR
SBIN0020155,HASANPARTHI
SBIN0020156,KESAMUDRAM
SBIN0020157,MULUG
SBIN0020158,NARSAMPET
SBIN0020159,PARKAL
SBIN0020160,KOTHAGUDEM
SBIN0020161,MAIN BR
SBIN0020162,YELLANDU
SBIN0020163,BHADRACHALAM
SBIN0020164,MADHIRA
SBIN0020165,PALVANCHA
SBIN0020166,VENKATAPURAM
SBIN0020167,WYRA
SBIN0020168,BURGAMPHAD
SBIN0020169,VIJAYAWADA GANDHINAGAR
SBIN0020170,JAGGAIAHPET
SBIN0020171,GUNTUR ARUNDELPET
SBIN0020172,NAGARJUNA SAGAR
SBIN0020173,BHONGIR
SBIN0020174,MIRYALGUDA
SBIN0020175,NALGONDA
SBIN0020176,SURYAPET
SBIN0020177,ALER
SBIN0020178,CHANDUR
SBIN0020179,DEVARKONDA
SBIN0020180,HUZURNAGAR
SBIN0020181,KODAD
SBIN0020182,NAKREKAL
SBIN0020183,RAMANNAPET
SBIN0020184,MAHBUBNAGAR
SBIN0020185,GADWAL
SBIN0020186,NARAYANPET
SBIN0020187,WANAPARTHY
SBIN0020188,ACHAMPET
SBIN0020189,ALAMPUR
SBIN0020190,AMANGAL
SBIN0020191,ATMAKUR
SBIN0020192,KODANGAL
SBIN0020193,BADEPALLY
SBIN0020194,KALWAKURTI
SBIN0020195,KOLLAPUR
SBIN0020196,KOSIGI
SBIN0020197,MAKTHAL
SBIN0020198,NAGARKURNOOL
SBIN0020199,SHADNAGAR
SBIN0020200,UTKUR
SBIN0020201,MADANAPURAM
SBIN0020202,J C RD
SBIN0020203,RAICHUR MAIN
SBIN0020204,GANGAVATHI
SBIN0020205,KARATGI
SBIN0020206,KOPPAL
SBIN0020207,SINDHANOOR
SBIN0020208,DEODURG
SBIN0020209,KOWTAL
SBIN0020210,KUSHTGI
SBIN0020211,LINGSUGUR
SBIN0020212,MANVI
SBIN0020213,YELBURGA
SBIN0020214,KANAKAGIRI
SBIN0020215,ANEGUNDI
SBIN0020216,BALGANUR
SBIN0020217,GUNJAHALLI
SBIN0020218,TAVARAGERE
SBIN0020219,HANAMSAGAR
SBIN0020220,KINNAL
SBIN0020221,ALWANDI
SBIN0020222,KUKNOOR
SBIN0020223,GULBARGA SUPER MARKET
SBIN0020224,GULBARGA NEHRUGUNJ
SBIN0020225,YADAGIRI
SBIN0020226,ALAND
SBIN0020227,CHITAPUR
SBIN0020228,SHAHABAD
SBIN0020229,SHORAPUR MAIN
SBIN0020230,SHAHAPUR
SBIN0020231,AFZALPUR
SBIN0020232,CHINCHOLI
SBIN0020233,GURUMITKAL
SBIN0020234,JEWARAGI
SBIN0020235,SEDAM
SBIN0020236,WADI
SBIN0020237,BIDAR
SBIN0020238,BASAVAKALYAN
SBIN0020239,HUMNABAD
SBIN0020240,AURAD
SBIN0020241,BHALKI
SBIN0020242,II LINE BEACH CHENNAI
SBIN0020243,THOUSAND LIGHTS
SBIN0020244,HIMMATNAGAR
SBIN0020245,IDPL COLONY
SBIN0020246,THORRUR
SBIN0020247,NELAKONDAPALLE
SBIN0020248,SURYAPET ADB
SBIN0020249,SAIDAPUR
SBIN0020250,BIDAR ADB
SBIN0020251,NALWAR
SBIN0020252,MYLALPORE CHENNAI
SBIN0020253,PARBHANI ADB
SBIN0020254,NANDED ADB
SBIN0020255,NAIGAON
SBIN0020256,NEW BHOIGUDA
SBIN0020257,DEVARA KADRA
SBIN0020258,KAMALNAGAR
SBIN0020259,REJESWAR
SBIN0020260,CHAKUR
SBIN0020261,KURKUNTA
SBIN0020262,KAKATIYA UNIVERSITY
SBIN0020263,ADARSHNAGAR
SBIN0020264,RAIKAL
SBIN0020265,AURAD SHAHJANI
SBIN0020266,DHOKI ADB
SBIN0020267,MAHBUBNAGAR ADB
SBIN0020268,MORTAD
SBIN0020269,DILSUKNAGAR
SBIN0020270,DEVAL GANAGAPUR
SBIN0020271,SHANKARAMPET
SBIN0020272,LANSDOWNE KOLKATA
SBIN0020273,BRABOURNE RD
SBIN0020274,MEDAK ADB
SBIN0020275,DUBBAK
SBIN0020276,MULUND
SBIN0020277,MULKANOOR
SBIN0020278,K G MARG
SBIN0020279,CHANDNI CHOWK
SBIN0020280,AUSTIN TOWN
SBIN0020281,JUHU
SBIN0020282,MAIN BR
SBIN0020283,NADIGUDEM
SBIN0020284,ICHODA
SBIN0020285,BICHKUNDA ADB
SBIN0020286,PADDAPALLY ADB
SBIN0020287,SINDHANOOR ADB
SBIN0020288,GANGAVATI ADB
SBIN0020289,TYAGARAYA NAGAR
SBIN0020290,INDIRANAGAR CHENNAI
SBIN0020291,BASHEERABAD
SBIN0020292,NIRNA
SBIN0020293,SATHUPALLI
SBIN0020294,GULBARGA SANGAMESWAR NAGAR
SBIN0020295,GAMBHIR RAO PET
SBIN0020296,MOTHKUR
SBIN0020297,KADA
SBIN0020299,BEGUMPET
SBIN0020300,MANVI ADB
SBIN0020301,BORI
SBIN0020302,STATION ROAD
SBIN0020303,WARDHANNAPET
SBIN0020304,MYLARGADDA
SBIN0020305,MANTHA
SBIN0020306,PALAM
SBIN0020307,TAMSA
SBIN0020308,SANJEEVA REDDY NGR
SBIN0020309,MALLEPALLI
SBIN0020310,DUBBA SME BRANCH
SBIN0020311,PRENDHERGHAST RD
SBIN0020312,KAVADIGUDA
SBIN0020313,SION BR
SBIN0020314,SOLAPUR
SBIN0020315,NEKKONDA
SBIN0020316,CHIKALTANA IE
SBIN0020317,MARATHWADA KRISHI VIDYAPEETH
SBIN0020318,ANAND NAGAR HYDERABAD
SBIN0020319,ETURU NAGARAM
SBIN0020320,OLD JALNA
SBIN0020321,GODAVARIKHANI
SBIN0020322,MIRYALGUDA ADB
SBIN0020323,NEREDCHERLA
SBIN0020324,GANDHI CHOWK
SBIN0020325,STATION ROAD
SBIN0020326,BALLARD ESTATE
SBIN0020327,NELLORE
SBIN0020328,TIRUPATHI MAIN
SBIN0020329,MAIN BR
SBIN0020330,PALAKOL
SBIN0020331,GUDIVADA
SBIN0020332,ANAKAPALLY
SBIN0020333,NEW TOWN
SBIN0020334,MASULIPATNAM
SBIN0020335,SHIVARAMAPALLY BR
SBIN0020336,GHATKOPAR
SBIN0020337,GARLA
SBIN0020338,ELURU
SBIN0020339,RAJAMUNDRY
SBIN0020341,AMALAPURAM
SBIN0020342,TADEPALLIGUDEM
SBIN0020343,VIJAYAWADA GOVERNORPET
SBIN0020344,JALAHALLI
SBIN0020345,SAIDABAD BR HYD
SBIN0020346,KOTHAPET
SBIN0020347,NEHRU PLACE
SBIN0020348,RAJAJINAGAR BANGALORE
SBIN0020349,TENALI
SBIN0020350,RAMKOTI
SBIN0020351,KAVALI
SBIN0020352,CHETPUT
SBIN0020354,ROUDALBANDA CAMP
SBIN0020355,MALKHED
SBIN0020356,BARKAS HYDERABAD
SBIN0020357,ASHTI DHOTARJODA
SBIN0020358,BASAR
SBIN0020359,NARSAPUR G
SBIN0020360,BURRA BAZAR KOLKATA
SBIN0020361,WANKADI
SBIN0020362,KUSHAIGUDA
SBIN0020363,TILAKNAGAR
SBIN0020364,AJANTHA
SBIN0020365,NARAYANAPUR
SBIN0020366,JILLELLA
SBIN0020367,INKOLLU
SBIN0020368,CHANDUR
SBIN0020369,SHORAPUR ADB
SBIN0020370,SATTUPALLY ADB
SBIN0020371,SRISAILAM
SBIN0020372,ARUTLA
SBIN0020373,PATRI ADB
SBIN0020374,BHEEMGAL
SBIN0020375,TALKAL
SBIN0020376,SUBHASHNAGAR
SBIN0020377,DADAR
SBIN0020378,BUDVEL HYDERABAD
SBIN0020379,SHAHAGADH
SBIN0020380,VISHAKHAPATNAM DWARAKA NAGAR
SBIN0020381,NAWABPET
SBIN0020382,YACHARAM
SBIN0020383,KULAKACHARLA
SBIN0020384,KAKINADA
SBIN0020385,KAMANPUR
SBIN0020386,UTKUR ADB
SBIN0020387,KOTAKONDA
SBIN0020388,KALVA SRIRAMPUR
SBIN0020389,DICHPALLY
SBIN0020390,CHIKALTANA
SBIN0020391,MASHAL
SBIN0020392,GULBARGA STATION BAZAR
SBIN0020393,HUDGI
SBIN0020394,PEMBI
SBIN0020395,SARANGPUR
SBIN0020396,ANDHERI
SBIN0020397,RAYANAPADU
SBIN0020398,DONDAPADU
SBIN0020399,VELPUR
SBIN0020400,SHAPURNAGAR
SBIN0020401,DARU SALAM HYDERABAD
SBIN0020402,BHIMARAYANGUDI
SBIN0020403,SOLUR
SBIN0020404,CHOUSALA
SBIN0020405,BOMRASPET
SBIN0020406,NEKNOOR
SBIN0020407,AMALNER
SBIN0020408,CHEMBUR BRANCH
SBIN0020409,NALEGAON
SBIN0020410,BHIMAVARAM
SBIN0020411,TANUKU
SBIN0020412,METPALLY ADB
SBIN0020413,DABEERPURA HYDERABAD
SBIN0020414,SUDIMALLA
SBIN0020415,RAJESHWARA PURAM
SBIN0020416,DAITHANA
SBIN0020417,TANDUR ADB
SBIN0020418,OAD ZO AURANGABAD
SBIN0020419,HUNSIGI
SBIN0020420,DHONDRAI
SBIN0020421,ADUL
SBIN0020422,AHMEDNAGAR
SBIN0020423,GOREGAOAN
SBIN0020424,DHARUR
SBIN0020425,DHANEGAON MIDC
SBIN0020426,VAZIRABAD WADAPALLI
SBIN0020427,CCI TOWNSHIP  ADILABAD
SBIN0020428,DOMA
SBIN0020429,NAGAD
SBIN0020430,COIMBATORE
SBIN0020431,BARODA
SBIN0020432,MUNICIPAL COMPLEX TANK BUND
SBIN0020433,MANTHANI ADB
SBIN0020434,GULBARGA UNIVERSITY
SBIN0020435,CHERIYAL
SBIN0020436,VILASAGAR
SBIN0020437,BOWRAMPET
SBIN0020438,NANALPET
SBIN0020439,MADALMOHI
SBIN0020440,MEDIKONDUR
SBIN0020441,CHAVALI
SBIN0020442,BALANAGAR
SBIN0020443,KOILKONDA
SBIN0020444,PANGAL
SBIN0020445,SIRGAPUR
SBIN0020446,KARANKOTE
SBIN0020447,KODAKONDLA
SBIN0020448,GULBARGA VIDYANAGAR
SBIN0020449,MAHESHWARAM
SBIN0020450,GHATKESAR
SBIN0020451,JYOTHINAGAR
SBIN0020452,NANDED SRINAGAR COLONY
SBIN0020453,RAMTHIRTH ADB
SBIN0020454,TARNAKA HYDERABAD
SBIN0020455,CHOWRASTA HANAMKONDA
SBIN0020456,ZARI
SBIN0020457,ISLAPUR
SBIN0020458,JUBILEE HILLS HYDERABAD
SBIN0020459,MACHA BOLARUM
SBIN0020460,PARADH
SBIN0020461,KANKAL
SBIN0020462,AMIRPET
SBIN0020463,KHANDUKUR
SBIN0020464,ALOOR
SBIN0020465,YALAL
SBIN0020466,KALMALA
SBIN0020467,KATHAK CHINCHOLI
SBIN0020468,MOHAMMADABAD
SBIN0020469,VENNECHED
SBIN0020470,NANDAWADGI
SBIN0020471,RAMNAGAR HYDERABAD
SBIN0020472,MARPALLY KALAN
SBIN0020473,PATLOOR
SBIN0020474,ELIGAID
SBIN0020475,RAIPARTHY
SBIN0020476,SIDDAPUR
SBIN0020477,UTOOR
SBIN0020478,JAINOOR
SBIN0020479,NARNOOR
SBIN0020480,YERRAPAHAD
SBIN0020481,GADDIPALLI
SBIN0020482,YERGATLA
SBIN0020483,UTTARAKANCHI
SBIN0020484,KOTTAM
SBIN0020485,KASIPATNAM
SBIN0020486,GOLUGONDA
SBIN0020487,ROMPICHERLA
SBIN0020488,MAIN BR
SBIN0020489,MACHAVARAM AMBAJIPETA
SBIN0020490,KESANAKURRU
SBIN0020491,SATTENAPALLE
SBIN0020492,KURNOOL
SBIN0020493,BIJAPUR
SBIN0020494,BHEEMARAM
SBIN0020495,PARGI ADB
SBIN0020496,GRUHAKALPA
SBIN0020497,ERNAKULAM BR
SBIN0020498,BELGAUM
SBIN0020499,OAD ZO HYDERABAD
SBIN0020500,OAD ZO WARANGAL
SBIN0020501,OAD ZO GULBARGA
SBIN0020502,NARSAPUR
SBIN0020503,RAJAMPET
SBIN0020504,RAMAYAMPET
SBIN0020505,ISSARWADI
SBIN0020506,NAGEWADI
SBIN0020507,CHILAKALURIPET
SBIN0020508,RANGAMPET
SBIN0020509,REDDYPET
SBIN0020510,SATAPUR
SBIN0020511,SCOPE COMPLEX
SBIN0020512,BARAHALLI
SBIN0020513,CUDDAPAH
SBIN0020514,MANUGURU
SBIN0020515,VIJAYAWADA BHAVANIPURAM
SBIN0020516,PEGADAPALLI
SBIN0020517,MANJULURU
SBIN0020518,TADIMALLA
SBIN0020519,CHENGUMAL
SBIN0020520,MARIKAL
SBIN0020521,YERRAVARAM
SBIN0020522,DONKAL
SBIN0020523,CHOUTPALLY
SBIN0020524,MEDCHAL
SBIN0020525,KONGARAKALAN
SBIN0020526,MASAB TANK HYDERABAD
SBIN0020527,BELLARY
SBIN0020528,MUTHARAM
SBIN0020529,KATARAM
SBIN0020530,CHINA AMIRAM
SBIN0020531,MACHAREDDY
SBIN0020532,SHASTRI NAGAR
SBIN0020533,SALORA
SBIN0020534,KAKATIYA NAGAR HYDERABAD
SBIN0020535,VISHAKHAPATNAM MUVVALAVANIPALEM
SBIN0020536,VSP TOWNSHIP
SBIN0020537,EDDUMAILARAM
SBIN0020538,DIRUSUMARRU
SBIN0020539,NAGPUR
SBIN0020540,RAIDURG
SBIN0020541,GUNTUR CHANDRAMOULI NAGAR
SBIN0020542,PATAMATALANKA
SBIN0020543,KANCHANWADI
SBIN0020544,NAWABPET
SBIN0020545,SHALIMAR BAGH
SBIN0020546,CHEMUDULANKA
SBIN0020547,COLLECTORATE COMPLEX
SBIN0020548,VIZIANAGARAM
SBIN0020549,MAIN BR
SBIN0020550,KHUDAVANPUR
SBIN0020551,SHIMOGA
SBIN0020552,NIZAMSAGAR
SBIN0020553,VMC NELLORE
SBIN0020554,GANDHAMPALLI
SBIN0020555,MYSORE
SBIN0020556,KAREPALLI
SBIN0020557,KOLLUR
SBIN0020558,PULKAL
SBIN0020559,RYTHU NAGAR MIRZAPUR
SBIN0020560,THANAKALAN
SBIN0020561,JUKKAL
SBIN0020562,THORLIKONDA
SBIN0020563,BETHAVOLE
SBIN0020564,VANASTALIPURAM HYDERABAD
SBIN0020565,VADALI
SBIN0020566,ASWAPURAM
SBIN0020567,CHITYAL
SBIN0020568,NAGA SAMUNDER
SBIN0020569,THIMMAPUR
SBIN0020570,PRODDATUR
SBIN0020571,SERVICE BRANCH
SBIN0020572,DORNAKAL
SBIN0020573,VISHAKHAPATNAM KANCHERAPALEM
SBIN0020574,ARGUL
SBIN0020575,ANANTAPUR
SBIN0020576,BAGH LINGAMPALLY HYDERABAD
SBIN0020577,SERVICE BRANCH HYDERABAD
SBIN0020578,VILLE PARLE
SBIN0020579,VELPUR
SBIN0020580,VEMULAPALLI
SBIN0020581,DUPADU
SBIN0020582,AKOLA
SBIN0020583,PUDUR
SBIN0020584,SATYANARAYANAPURAM
SBIN0020585,MUDUNURU
SBIN0020586,KINNERASANI
SBIN0020587,THANDRIAL
SBIN0020588,KAILASH COLONY NEW DELHI
SBIN0020589,SIRIPURAM
SBIN0020590,GANDED
SBIN0020591,VADACHEEPURUPALLI
SBIN0020592,VANNEL B
SBIN0020593,MENDORA
SBIN0020594,JALKOT
SBIN0020595,MEERKHANPET
SBIN0020596,MOGALPURA HYDERABAD
SBIN0020597,MALKAPUR
SBIN0020598,MANINAGAR
SBIN0020599,HUTTI
SBIN0020600,TREASURY DEPT MUMBAI
SBIN0020601,LBNAGAR
SBIN0020602,BERHAMPUR
SBIN0020603,AMRAVATI
SBIN0020604,VELGATOOR
SBIN0020605,GOVT ACCOUNTS LINK CELL
SBIN0020606,COLLECTORATE COMPLEX
SBIN0020607,INAVALLI
SBIN0020608,HUNWADA
SBIN0020609,JALLARAM
SBIN0020610,KAMEPALLY
SBIN0020611,EDULLA BAYYARAM
SBIN0020613,GUMMANAMPADU
SBIN0020614,KANUKULA
SBIN0020615,WATUR
SBIN0020616,ANANTHA GIRI
SBIN0020617,WALSAVANGI
SBIN0020618,HUSNABAD
SBIN0020619,HIRAPUR
SBIN0020620,ZARI NAVAKUND
SBIN0020621,VIJAYAPURI SOUTH
SBIN0020622,PULICHERLA
SBIN0020623,USTURI
SBIN0020624,MADAJ
SBIN0020625,ISMAILKHANPET
SBIN0020627,MANJARSUMBA
SBIN0020628,M DOMALPALLY
SBIN0020629,ALWAI
SBIN0020630,HULIHYDER
SBIN0020631,VISHAKHAPATNAM GAJUWAKA
SBIN0020632,DARGA BRANCH GULBARGA
SBIN0020633,JAYANAGAR
SBIN0020634,FORT BR
SBIN0020635,THAMSI
SBIN0020636,LUCKNOW
SBIN0020637,MOINABAD
SBIN0020638,NAWARGAON
SBIN0020639,KEESARA
SBIN0020640,PHULAMBRI
SBIN0020641,MOUNT ROAD
SBIN0020642,INDORE
SBIN0020643,CHIVEMULA
SBIN0020644,CHANDRAPUR
SBIN0020645,CHINTAKI
SBIN0020646,YATALA
SBIN0020647,NAGAPUR
SBIN0020649,TORNA
SBIN0020650,APSRTC
SBIN0020651,GUNDALA
SBIN0020652,BASAMBA
SBIN0020653,YELLAREDDIGUDA
SBIN0020654,THATIPUDI
SBIN0020655,DUGGONDI
SBIN0020656,CHUCHU KONDA
SBIN0020657,MANDEWAL
SBIN0020658,GUNJAPADUGU
SBIN0020659,SARDAR NAGAR
SBIN0020660,SONKHED
SBIN0020661,TARODANAKA NANDED
SBIN0020662,THUMKUNTA
SBIN0020663,KANAJI
SBIN0020664,SAGNUR
SBIN0020665,DHANEGAON
SBIN0020666,ATM NODAL OFFICE
SBIN0020669,OAD ZO VIZAG
SBIN0020671,OAD ZO SECUNDERABAD
SBIN0020672,GOJEGAON
SBIN0020673,ASHRAM ROAD
SBIN0020674,KUSUMANCHI
SBIN0020675,HATNOORA
SBIN0020676,JAKLAIR
SBIN0020677,NANDYAL
SBIN0020678,VM BANJARA
SBIN0020679,OVERSEAS BR
SBIN0020680,REKHAPALLI
SBIN0020681,RAMDURG
SBIN0020682,HULIGERI
SBIN0020683,PEDAVANGARA
SBIN0020684,OVERSEAS BR
SBIN0020685,OAD RO MUMBAI
SBIN0020686,JANPAHAD
SBIN0020689,LINGAPUR
SBIN0020690,KOTHAKOTA
SBIN0020691,SENGAON
SBIN0020692,ALAMANDA
SBIN0020693,YERRAMPET
SBIN0020694,SARKHANI
SBIN0020695,LAXMINAGARAM
SBIN0020696,ABDULLAHPUR
SBIN0020697,KISTAMPET
SBIN0020698,KOKATAM
SBIN0020699,MATUL
SBIN0020700,ADA
SBIN0020701,TULSI NGR BR
SBIN0020702,JAIPUR
SBIN0020703,IND FINANCE BR
SBIN0020704,NARSINGPUR
SBIN0020706,SERVICE BRANCH NEW DELHI
SBIN0020707,SERVICE BRANCH CHENNAI
SBIN0020708,GODAVARIKHANI
SBIN0020709,KACHINAPALLE
SBIN0020710,OSMANGUNJ BIDAR
SBIN0020711,VIJAYAWADA SERVICE BRANCH
SBIN0020712,VISHAKHAPATNAM SERVICE BRANCH
SBIN0020713,VIJAYAWADA SC RAILWAY
SBIN0020714,VIJAYAWADA CHITTINAGAR
SBIN0020715,GUNTUR A T AGRAHARAM
SBIN0020716,NGOS COLONY
SBIN0020717,GULBARGA OLD HOSPITAL
SBIN0020718,SARPAVARAM JUNCTION
SBIN0020719,INDRAPALEM
SBIN0020720,VISHAKHAPATNAM MURALINAGAR
SBIN0020721,VISHAKHAPATNAM MUNICIPAL COMPLEX
SBIN0020722,BIJUPATNAIK CHOWK
SBIN0020723,AHMEDPURA NIZAMABAD
SBIN0020724,GADA GOPINATH PRASAD
SBIN0020725,JAGAMARA
SBIN0020727,DHARWARD
SBIN0020728,NMDC BR
SBIN0020729,NAGAWARPALYA
SBIN0020730,BHOPAL
SBIN0020731,THIRUVANANTHAPURAM
SBIN0020732,KOYAMBEDU
SBIN0020733,MALAD WEST
SBIN0020734,PUNE KOTHRUD
SBIN0020735,KOZHIKODE
SBIN0020736,BHARATNAGAR COLONY
SBIN0020737,SUBRIYAL
SBIN0020738,PALEM
SBIN0020739,VENNELA
SBIN0020740,N R I BRANCH HYDERABAD
SBIN0020741,IND FINANCE BR
SBIN0020742,CHITYAL
SBIN0020743,IND FINANCE BR
SBIN0020744,GARIMELLA
SBIN0020745,GULBARGA SERVICE BRANCH
SBIN0020746,JANKAPUR
SBIN0020747,POTHANGAL
SBIN0020748,SBH INTEGRATED TREASURY BRANCH
SBIN0020751,ESTATE DEPT HO HYDERABAD
SBIN0020752,VIJAYAWADA SIB BRANCH
SBIN0020756,SERVICE BR
SBIN0020758,PRASHANTNAGAR HYDERABAD
SBIN0020759,VISHAKHAPATNAM SIRIPURAM
SBIN0020760,CHERLAPALLY
SBIN0020761,CHIRALA
SBIN0020762,GHEEKANTA
SBIN0020763,SHALIGOWRARAM
SBIN0020764,GUNTUR TOBACCO BOARD
SBIN0020765,PUNE NIGADI PIMPRI CHINCHWAD
SBIN0020766,P AND S B VIKRAMPURI
SBIN0020767,RAZOLE
SBIN0020768,TUNI
SBIN0020769,JANGAREDDIGUDEM
SBIN0020770,NANDIKOTKUR
SBIN0020771,APHB KUKATPALLY
SBIN0020772,VUYYUR
SBIN0020773,KURNOOL RD
SBIN0020774,KANDUKUR
SBIN0020775,P AND SB MEHDIPATNAM BR
SBIN0020776,MANKAMMATHOTA
SBIN0020777,SIB BRANCH WARANGAL
SBIN0020778,KOVAIPUDUR
SBIN0020779,VTPS IBRAHIMPATNAM
SBIN0020780,ZILLA PARISHAD
SBIN0020781,BARSI
SBIN0020782,CHENGANNUR
SBIN0020783,TIRUVELLA
SBIN0020784,SRIKAKULAM
SBIN0020785,CHANDIGARH
SBIN0020786,ROZABAUGH
SBIN0020787,AKIVEEDU
SBIN0020788,VISHAKHAPATNAM S I B BRANCH
SBIN0020789,GAJENDRAGAD
SBIN0020790,ALKAPURI
SBIN0020791,NUZIVEEDU
SBIN0020792,PONNUR
SBIN0020793,CIDCO TOWN
SBIN0020794,VASHI
SBIN0020795,CHITTOOR
SBIN0020796,TALLADA
SBIN0020797,RLY STN RD TIRUPATI
SBIN0020798,NANJANGUD
SBIN0020799,MANDAMARRI
SBIN0020800,JALGAON
SBIN0020801,LAXMINAGAR
SBIN0020802,SHAMSHABAD SSI BRANCH
SBIN0020803,MANGALORE
SBIN0020804,SERVICE BRANCH
SBIN0020805,HOSPET
SBIN0020806,P AND S B BRANCH KOLKATA
SBIN0020807,KOLHAPUR
SBIN0020808,PONDICHERRY
SBIN0020809,PALASA
SBIN0020810,NARSARAOPET
SBIN0020811,HOWRA BRANCH KOLKATA
SBIN0020812,OLD BOWENPALLY
SBIN0020814,KANPUR
SBIN0020815,PIDUGURALLA
SBIN0020816,BAGALKOT
SBIN0020817,RAJKOT
SBIN0020818,SURAT BR
SBIN0020819,PRAKASAM BAZAAR
SBIN0020820,PUTTAPARTHI
SBIN0020821,RAVULAPALEM
SBIN0020822,WEST MALKAJGIRI BR
SBIN0020823,SSI BRANCH LUDHIANA
SBIN0020824,HUBLI
SBIN0020825,SHIRDI
SBIN0020826,NASIK
SBIN0020827,AGRA
SBIN0020828,COMMERCIAL BRANCH
SBIN0020829,GURGAON
SBIN0020830,WALUJ MIDC
SBIN0020831,DAMMAPET
SBIN0020832,OAD RO DELHI
SBIN0020833,PARKSTREET KOLKATA
SBIN0020834,ANAPARTHI
SBIN0020835,INDIRANAGAR
SBIN0020836,THIRUMALAGIRI
SBIN0020837,SUBEDARI
SBIN0020838,KRISHNA NAGAR
SBIN0020839,VIKAS MARG
SBIN0020840,FARIDABAD
SBIN0020841,NOIDA
SBIN0020842,P SB INDIRANAGAR
SBIN0020843,MADURAI
SBIN0020844,PUNE KONDWA
SBIN0020845,HASSAN
SBIN0020846,DAVANGERE
SBIN0020847,TANGUTURU
SBIN0020848,UPPAL BR
SBIN0020849,BASWESHAR NAGAR
SBIN0020850,ASHRAM ROAD
SBIN0020851,BASVANGUDI
SBIN0020852,AIRPORT ROAD
SBIN0020853,PRABHADEVI
SBIN0020854,BUCHIREDDYPALEM
SBIN0020855,GWALIOR
SBIN0020856,PVN COLONY
SBIN0020857,JALANDHAR
SBIN0020858,HINDUPUR
SBIN0020859,VIJAYANAGAR
SBIN0020860,KOTA
SBIN0020861,VISHAKHAPATNAM SALIGRAMAPURAM
SBIN0020862,SAGAR NAGAR
SBIN0020863,PANIPAT
SBIN0020864,SAROORNAGAR HYDERABAD
SBIN0020865,THANE
SBIN0020866,ROTARY NAGAR
SBIN0020867,SERVICE BRANCH
SBIN0020868,SHIVNAGAR
SBIN0020869,KALBADEVI
SBIN0020870,GUNTAKAL
SBIN0020871,MSR NAGAR
SBIN0020872,DR B R AMBEDKAR OPEN UNIVERSITY BR
SBIN0020873,ARSAPALLY NIZAMABAD
SBIN0020874,MEERUT
SBIN0020875,MALLESHWARAM
SBIN0020876,CHAITANYAPURI HYDERABAD
SBIN0020877,PANCHKULA
SBIN0020878,VISHAKHAPATNAM LAWSON S BAY COLONY
SBIN0020879,VISHAKHAPATNAM P AND SB BRANCH
SBIN0020880,HI TECH CITY BR
SBIN0020881,VINAYAK NAGAR
SBIN0020882,SERVICE BR
SBIN0020883,TIRUPATI
SBIN0020884,VAVILALAPALLY
SBIN0020885,AUSA ROAD
SBIN0020886,MGM HOSPITAL
SBIN0020887,RAMPUR
SBIN0020888,NEW PANVEL
SBIN0020889,TILAK ROAD
SBIN0020890,RAICHUR APMC
SBIN0020891,ICSA COMPLEX
SBIN0020892,VALMIKINAGAR CHENNAI
SBIN0020893,ASHOK NAGAR
SBIN0020894,RAJARAM NAGAR ARMOOR
SBIN0020895,RAMAKRISHNA PURAM
SBIN0020896,A P HIGH COURT BR
SBIN0020897,DARGAMITTA
SBIN0020898,RAMANTHAPUR HYDERABAD
SBIN0020899,VIJAYAWADA MOGALRAJAPURAM
SBIN0020900,VISHAKHAPATNAM SRIHARIPURAM
SBIN0020901,MADANAPALLE
SBIN0020902,DHARMAVARAM
SBIN0020903,KASIBUGGA WARANGAL
SBIN0020904,GADAG
SBIN0020905,POST OFFICE BRANCH
SBIN0020906,MARATHWADA
SBIN0020907,BHOOPALPALLY
SBIN0020908,JANNARAM
SBIN0020909,KALYANKHANI
SBIN0020910,SRIRAMPUR
SBIN0020911,MUDHOL
SBIN0020912,ACC MANCHERIAL
SBIN0020913,KAZIPET
SBIN0020914,VISHAKHAPATNAM NTPC DEEPANJALI NAGA
SBIN0020915,AIR CARGO COMPLEX
SBIN0020916,TREASURY BRANCH HYDERABAD
SBIN0020917,SME BRANCH MANCHIRIAL
SBIN0020918,KAROLBAGH
SBIN0020919,SRISAILAM
SBIN0020920,METTUGADDA
SBIN0020921,JADCHERLA
SBIN0020922,TIRUMALA
SBIN0020923,P AND SB NASPUR
SBIN0020924,BORIVALI
SBIN0020925,SME BRANCH KHAMMAM
SBIN0020926,SVIMS TIRUPATHI
SBIN0020929,P AND S BRANCH KHAMMAM
SBIN0020930,CITY CIVIL COURT BR
SBIN0020931,SRI BALAJI TEXTILE MARKET BR
SBIN0020932,SME BRANCH
SBIN0020933,ASHOK NAGAR P AND SB HYDERABAD
SBIN0020934,PORUR
SBIN0020935,OAD RO CHENNAI
SBIN0020936,VIJAYAWADA CIVIL COURTS BRANCH
SBIN0020937,RD BATLLION KAKINADA
SBIN0020938,SIL PALONCHA
SBIN0020939,SERVICE BR
SBIN0020940,BANJARA HILLS P AND SB HYDERABAD
SBIN0020941,SALEM
SBIN0020942,RUDRAMPUR
SBIN0020943,COURT COMPLEX
SBIN0020944,JAWAHARNAGAR
SBIN0020945,ASSET RECOVERY BRANCH
SBIN0020946,VELACHERRY
SBIN0020947,AMC KHAMMAM
SBIN0020948,RTC BUS STAND CUDDAPAH
SBIN0020949,RAJAMPET
SBIN0020950,TREASURY KHAMMAM
SBIN0020951,COLLECTORATE COMPLEX
SBIN0020952,MAITHRI WOMEN S COLLEGE
SBIN0020953,ASWARAOPET
SBIN0020954,PO ITDA BHADRACHALAM
SBIN0020955,CHINMAYA VIDYALAYA
SBIN0020956,GODAVARIKHANI
SBIN0020957,GODAVARIKHANI
SBIN0020958,TEXTILE MILLS
SBIN0020959,GODAVARIKHANI
SBIN0020960,HEAVY WATER PLANT
SBIN0020961,PRAGATIBHAVAN
SBIN0020962,SRTR MEDICAL COLLEGE
SBIN0020963,VISHAKHAPATNAM P M PALEM
SBIN0020964,VISHAKHAPATNAM DIST COURT COMPLEX
SBIN0020965,NIRD RAJENDRA NAGAR
SBIN0020966,SHANKARPALLY
SBIN0020967,METROPOLITAN CRIMINAL COURTS BR
SBIN0020968,TREASURY BRANCH
SBIN0020969,P N PUDUR
SBIN0020970,DWARAKA
SBIN0020973,BUDHWARPET NIRMAL
SBIN0020974,ZILLA PARISHAD
SBIN0020975,M G CLOTH MARKET
SBIN0020977,MUNICIPAL COMPLEX
SBIN0020979,JP NAGAR
SBIN0020980,PADMAVATHI CENTRE
SBIN0020981,WEST MARREDPALLY
SBIN0020982,RAICHUR ROAD
SBIN0020983,PEBBERU
SBIN0020984,ALLUR
SBIN0020985,KHARGHAR
SBIN0020987,RAJAURI GARDEN
SBIN0020989,KALLUR
SBIN0020990,INDUSTRIAL MODEL TOWN
SBIN0020992,RAM NAGAR
SBIN0020993,MARKET COMPLEX KOYAMBEDU
SBIN0020994,RACPC HYDERABAD
SBIN0020995,KRISHNA NAGAR
SBIN0020996,GANGASTHAN
SBIN0020997,HIGH COURT
SBIN0020998,YERRAGUNTLA
SBIN0020999,BIBWEWADI
SBIN0021000,INTERNATIONAL SERVICES BR
SBIN0021001,HRBR LAYOUT
SBIN0021002,KOTAGUMMAM
SBIN0021003,GOKULDHAM GORE GAON E
SBIN0021004,P AND SB KG MARG
SBIN0021005,PARVATHIPURAM
SBIN0021006,RAYAVARAM
SBIN0021007,NARASANNAPET
SBIN0021008,JNTU CAMPUS BRANCH
SBIN0021009,JILLELA GUDA
SBIN0021018,RASMECCC WARANGAL
SBIN0021022,WEST TAMBARAM CHENNAI
SBIN0021023,NIZAMPET HYDERABAD
SBIN0021024,TFCPC HYDERABAD
SBIN0021025,MONDHA BEED
SBIN0021026,D S S BHAVAN HYDERABAD
SBIN0021027,VIDUTH SOUDHA HYDERABAD
SBIN0021029,MANDAPETA
SBIN0021030,AKKAYYAPALEM
SBIN0021031,DUBBAPALLY
SBIN0021032,KRISHNALANKA
SBIN0021033,MARATHAHALLI
SBIN0021034,POWER GRID CAMPUS
SBIN0021035,GOLETI
SBIN0021036,PANDHARPUR
SBIN0021037,INCOMETAXCOLONY
SBIN0021038,COLLECTORATECOMPLEX
SBIN0021039,SRIKALAHASTHICHITTOOR
SBIN0021040,NAIDUPET
SBIN0021041,ADITYANAGAR
SBIN0021042,HB COLONY